"TargetModule","Coverage"
"_tz","0.8571428571428571"
"_sysinfo","0.9090909090909091"
"config_manager","0.8717948717948718"
"conftest","0.5714285714285714"
"i18n","0.84"
